"","Date","hour","corrPrior","corrPred","coh","mse","mseZero"
"1",1070240400,1,0.974262158918994,0.802874602110622,3.37142857142857,0.21662,11.74156934888
"2",1070244000,2,0.967073626625818,0.666949614278762,3.25714285714286,0.342586285714285,10.3806370176796
"3",1070247600,3,0.969927325984373,0.770711910138783,3.2,0.219921714285714,9.43711392396509
"4",1070251200,4,0.978981108849401,0.793832592138662,3.22857142857143,0.0545434285714282,8.80664775836489
"5",1070254800,5,0.977598646353829,0.721470459164501,3.24285714285714,0.0319188571428571,8.2161815927647
"6",1070258400,6,0.97847771971064,0.734834421106606,3.3,0.0957417142857142,7.73578202225025
"7",1070262000,7,0.993575690567364,0.888076096459958,3.4,0.00943371428571425,7.16531585665006
"8",1070265600,8,0.990827369323214,-0.2166867595746,3.6,0.0357920000000001,7.24681102316437
"9",1070269200,9,0.9911686185705,-0.38914273466528,3.74285714285714,0.119408,7.76149630796453
"10",1070272800,10,0.988923416485088,-0.910213345370347,3.84285714285714,1.01285771428571,8.81508599676484
"11",1070276400,11,0.985005675049992,-0.928481166035657,3.94285714285714,1.940716,10.0973803043081
"12",1070280000,12,0.977511829655669,-0.962926997314917,4.02857142857143,3.121684,11.8985790158514
"13",1070283600,13,0.948807060174374,-0.979367390319027,4.12857142857143,3.86124342857143,14.1629012505949
"14",1070287200,14,0.976243234281039,-0.938808415527174,4.11428571428571,3.81771771428571,16.7016423897955
"15",1070290800,15,0.997531135213805,-0.975329529127535,4.02857142857143,2.23019142857143,18.9315457200818
"16",1070294400,16,0.996521452240104,-0.581264055616105,3.87142857142857,0.809950857142857,19.777792766482
"17",1070298000,17,0.996960380465302,0.292617327027686,3.68571428571429,0.469966285714286,20.0064973852249
"18",1070301600,18,0.997909950245941,0.70721860169227,3.42857142857143,0.181718857142857,19.8907165044249
"19",1070305200,19,0.993628636837922,0.895560603505658,3.11428571428571,0.0954714285714287,19.0802503388247
"20",1070308800,20,0.997009444028057,0.922357456150626,2.77142857142857,0.0509445714285715,17.8795843879673
"21",1070312400,21,0.998307894108486,0.891550659553136,2.48571428571429,0.384850857142857,16.1000140331097
"22",1070316000,22,0.992955460536166,0.874755573486011,2.37142857142857,0.148259428571429,13.709977512652
"23",1070319600,23,0.992906657726986,0.863755915382255,2.34285714285714,0.439562285714286,12.1302739676229
"24",1070323200,24,0.987349476867257,0.918911359144659,2.35714285714286,1.32052114285714,9.84242863916492
"25",1070326800,1,0.990438088942916,0.894489101103492,2.45714285714286,1.86936228571429,7.67036419150692
"26",1070330400,2,0.994283940997138,0.956236952710086,2.6,2.403332,5.85570898133475
"27",1070334000,3,0.988861188409411,0.818036588751802,2.81428571428571,3.20353828571429,4.1040441041912
"28",1070337600,4,0.999407405584099,0.383815607504901,3.12857142857143,1.69537714285714,2.9144071542479
"29",1070341200,5,0.99836753488873,-0.290634583836031,3.37142857142857,1.133828,3.52487331984809
"30",1070344800,6,0.995374082219132,-0.737663014499238,3.82857142857143,4.62752571428571,5.72633841173441
"31",1070348400,7,0.997509132666422,-0.790875306891368,4.27142857142857,4.40350857142857,6.81338459916354
"32",1070352000,8,0.99581521625126,-0.595387846586826,4.65714285714286,5.98126171428571,7.90043078659266
"33",1070355600,9,0.995325508566031,-0.818821574181225,5.01428571428571,5.14127314285715,9.04461983116465
"34",1070359200,10,0.992591505299054,-0.302207339999281,5.24285714285714,3.91604514285714,10.3960183279652
"35",1070362800,11,0.981994727333884,0.251570636002442,5.14285714285714,0.739086857142857,11.5856552779085
"36",1070366400,12,0.993143762079616,0.25086632399033,4.82857142857143,0.364257714285714,11.4898743971085
"37",1070370000,13,0.972161606229854,-0.573879499912055,4.54285714285714,0.815121142857143,10.422132184194
"38",1070373600,14,0.965877293484387,-0.333959847661062,4.25714285714286,0.410231428571428,11.1769506591656
"39",1070377200,15,0.958662923006814,-0.580126455454075,3.97142857142857,0.977591428571429,11.8274168247658
"40",1070380800,16,0.966467343655518,-0.91807457094409,3.67142857142857,0.902337714285715,12.9438636564233
"41",1070384400,17,0.972237167700793,-0.915363704019347,3.44285714285714,0.760817714285713,13.7901107028235
"42",1070388000,18,0.995273865031228,-0.853315431891833,3.45714285714286,0.737200571428572,14.3118722496808
"43",1070391600,19,0.993042444962233,-0.785680016884579,3.58571428571429,0.410894285714285,15.2767573197381
"44",1070395200,20,0.991603644754541,-0.770198403173013,3.47142857142857,0.314456,15.8413760094526
"45",1070398800,21,0.990712940429299,-0.837512294881521,3.37142857142857,0.479921714285715,16.7790516272814
"46",1070402400,22,0.980674105255599,-0.719310991343463,3.21428571428571,0.210579428571429,17.693870102253
"47",1070406000,23,0.973583013379464,-0.221236704224085,3.1,0.120250285714286,17.578089221453
"48",1070409600,24,0.97933421601854,0.217021675177821,3.02857142857143,0.174308,17.578089221453
"49",1070413200,1,0.967255861407688,0.578661063150003,2.9,0.095525714285714,17.6910129593959
"50",1070416800,2,0.973095262246987,0.635243162680221,2.82857142857143,0.168136571428571,16.6332041513956
"51",1070420400,3,0.962813987105147,0.8048387208854,2.71428571428571,0.103123428571429,15.6683190813382
"52",1070424000,4,0.951511085846018,0.683184822460058,2.6,0.116705714285714,15.1766241295667
"53",1070427600,5,0.967778009215711,0.2785005386092,2.61428571428571,0.146694285714285,14.3661579639665
"54",1070434800,7,0.979061703424446,-0.191125749884229,2.61428571428571,0.193518857142858,14.3661579639665
"55",1070438400,8,0.960483739581581,-0.469203741461907,2.6,0.207778285714286,14.606291154138
"56",1070442000,9,0.988762411884967,-0.801761795398239,2.74285714285714,1.00306914285714,14.722072034938
"57",1070449200,11,0.99508128541812,-0.732895713217169,2.87142857142857,1.37952171428571,16.025728318824
"58",1070452800,12,0.986424438528074,-0.771430053762226,2.92857142857143,0.402398857142858,17.3636703169958
"59",1070460000,14,0.987470068764741,-0.949033829306249,3.02857142857143,0.730409714285714,17.9854318638531
"60",1070463600,15,0.963510555887115,-0.942852501543503,3.02857142857143,0.650232000000001,18.9231074816819
"61",1070467200,16,0.953484446426007,-0.728951636622346,3,0.483485714285714,19.6606499093392
"62",1070470800,17,0.977154297100984,-0.00518134800890227,2.98571428571429,0.498989142857143,19.4205167191677
"63",1070474400,18,0.965437415244198,0.60242014400583,2.81428571428571,0.143763428571429,19.1918121004248
"64",1070478000,19,0.965545617550007,0.699291406476751,2.64285714285714,0.108187428571429,18.2769936254531
"65",1070481600,20,0.987791383923915,0.894411997707405,2.57142857142857,0.879129142857143,16.0740333670525
"66",1070485200,21,0.984616934741688,0.96332808637538,2.45714285714286,1.54001657142857,13.462102109566
"67",1070488800,22,0.979090322807905,0.813947087886246,2.37142857142857,2.80448628571429,11.0832277801938
"68",1070492400,23,0.989993448241919,0.746335499184672,2.4,1.89336514285714,9.26066709230764
"69",1070496000,24,0.993432793104143,0.549112486410534,2.42857142857143,1.84384057142857,7.54940178567854
"70",1070499600,1,0.994860498363836,0.329271052052825,2.54285714285714,1.601956,5.94670790762088
"71",1070503200,2,0.997060363333903,-0.304760532099897,2.87142857142857,1.16462,4.60986150544898
"72",1070506800,3,0.996948839091826,0.0439619088581973,3.28571428571429,1.17383142857143,4.38102369653458
"73",1070510400,4,0.99544378033448,0.504273233523607,3.65714285714286,0.289151428571428,4.38102369653458
"74",1070514000,5,0.99315021324677,0.944261193844872,3.9,0.154133714285714,4.00756719790576
"75",1070517600,6,0.978096945730803,0.564939637285848,4.17142857142857,1.748956,3.37430403870441
"76",1070521200,7,0.976287960847469,0.799401785996827,4.44285714285714,1.05912057142857,2.68699147093231
"77",1070528400,9,0.979757775821396,0.432953572728846,4.68571428571429,2.97328,2.1142309977889
"78",1070532000,10,0.98532704683507,0.380165610186611,4.74285714285714,3.40008342857143,1.64828040635964
"79",1070535600,11,0.978827214455765,0.387355201179549,4.74285714285714,4.20432857142857,1.38913969664453
"80",1070539200,12,0.98746163007415,0.141304328381756,4.87142857142857,1.89616914285714,1.02617943824389
"81",1070550000,15,0.997149330881728,-0.326164517417603,5.57142857142857,3.951488,2.53182068304267
"82",1070553600,16,0.98672803552414,0.664644793919868,5.91428571428571,2.76780857142857,5.97105161664176
"83",1070560800,18,0.986331830908539,0.77946729131296,6.2,8.27237371428571,12.1839323882971
"84",1070564400,19,0.983695758970933,0.832735992928526,6.55714285714286,13.1065257142857,18.2153179934382
"85",1070568000,20,0.988464217792389,0.531308415240075,6.98571428571429,20.3087691428571,27.5317519334361
"86",1070571600,21,0.98011759310551,0.71505335141083,7.31428571428571,25.114432,35.7917089671486
"87",1070575200,22,0.98225843570624,0.634626048593556,7.94285714285714,8.070948,41.2279796423471
"88",1070582400,24,0.994680220166331,-0.0107692251091878,8.41428571428571,2.01633028571428,44.7176767415463
"89",1070593200,3,0.995217834142398,0.325171592888521,9.32857142857143,0.674453714285714,45.8472105759462
"90",1070596800,4,0.992573926393405,-0.126008783639783,10.2571428571429,0.986484,43.6380763120608
"91",1070600400,5,0.992010489642158,0.668744622821699,11.3285714285714,1.52943085714286,41.4660849053183
"92",1070604000,6,0.993054305977067,0.863832376764868,12.2571428571429,0.855441714285714,34.0518722319481
"93",1070607600,7,0.982905786004787,0.458941248944596,13.0571428571429,0.918130857142857,29.2993179898917
"94",1070611200,8,0.959453730655926,-0.750620705765687,13.4285714285714,5.39134971428571,27.2387551545777
"95",1070614800,9,0.952116033702187,-0.285018231938322,13.5285714285714,1.68058228571429,26.1092213201779
"96",1070618400,10,0.960265672586814,-0.390087006669809,13.3428571428571,1.26373714285714,24.8297540808639
"97",1070622000,11,0.990283207659455,-0.214128090512931,13.1571428571429,0.929489142857139,24.3885252946925
"98",1070625600,12,0.991763360708737,-0.129986839381174,12.5285714285714,1.500832,24.3885252946925
"99",1070629200,13,0.959707224142131,-0.365102394252172,12.1571428571429,2.62686514285715,25.1980591290923
"100",1070632800,14,0.961100991529176,-0.127024722060007,11.9714285714286,0.530702285714286,25.8035070344636
"101",1070636400,15,0.935703046595124,0.354715718441509,11.8714285714286,0.980646285714281,27.688422179149
"102",1070640000,16,0.949239437238843,0.0116992460242548,11.7571428571429,0.48449942857143,27.1058314166348
"103",1070643600,17,0.863759580692256,-0.546689125217294,11.7142857142857,2.38177885714285,24.2860677223498
"104",1070647200,18,0.979452945041166,-0.915456714320559,11.7142857142857,5.69916971428572,20.7875027396082
"105",1070650800,19,0.895119901093524,-0.958265027834153,11.8142857142857,9.43661600000001,16.9296037077239
"106",1070654400,20,0.977635308275755,-0.901975666417541,11.8714285714286,20.8076594285714,14.3733330325255
"107",1070658000,21,0.971521340918479,-0.9697871068428,12.0428571428571,45.6086068571429,10.7484608541276
"108",1070661600,22,0.95319834134566,-0.863801244629838,11.9857142857143,42.0339845714286,6.8117304591587
"109",1070665200,23,0.982343442845693,0.867641486383871,11.6285714285714,16.0609537142857,4.84998180396094
"110",1070668800,24,0.995526455709446,-0.0758981792195198,11.0142857142857,10.8084417142857,5.18527289036254
"111",1070672400,1,0.998505981195702,-0.935885932386491,10.2571428571429,11.1505177142857,6.49066064647788
"112",1070676000,2,0.998686388283431,-0.785645433179537,9.45714285714286,4.79240571428571,7.61103014236434
"113",1070679600,3,0.997894561054935,-0.0954239168672996,8.35714285714286,3.12665428571428,8.29903873562184
"114",1070683200,4,0.999388076190643,0.883321539394766,7.04285714285714,0.387850857142857,8.72800973470772
"115",1070686800,5,0.998450440600534,0.947455140602726,5.88571428571429,0.0151342857142857,8.24761016419327
"116",1070690400,6,0.999425302452733,0.670302900406863,5.05714285714286,0.056598857142857,7.98598180750747
"117",1070694000,7,0.997623127797362,0.258724644957622,4.51428571428571,0.116448571428571,7.65428685573594
"118",1070697600,8,0.997599962041841,0.246891222087822,4.12857142857143,0.0391377142857142,7.3225919039644
"119",1070701200,9,0.992901582014201,0.38911014150221,3.94285714285714,0.0360600000000001,7.24395388030723
"120",1070704800,10,0.987434299525894,0.90294004482589,3.85714285714286,0.0828714285714288,6.4929549540211
"121",1070708400,11,0.989055046827517,0.954329497290983,3.94285714285714,0.195930857142857,5.40713755276332
"122",1070712000,12,0.969604194458089,0.988642019182232,3.98571428571429,0.280323428571429,4.525672460877
"123",1070715600,13,0.971740851235679,0.63527110370019,4.04285714285714,2.01238171428571,3.33536956007628
"124",1070719200,14,0.982438558810899,0.874315303595252,4.1,2.77544114285714,2.30519984944704
"125",1070722800,15,0.982411638487976,0.411873210232984,4.11428571428571,3.28451028571428,1.405496304418
"126",1070726400,16,0.988592684621105,-0.283495405503965,4.32857142857143,1.902052,1.25679168567509
"127",1070730000,17,0.99319435989531,-0.824116535872849,4.65714285714286,2.92764971428571,2.31662842087561
"128",1070733600,18,0.9953483765662,-0.951732383374686,4.97142857142857,7.07202685714286,5.30650167653389
"129",1070737200,19,0.996214227252861,-0.893394444538456,5.34285714285714,11.6811497142857,9.30983143082099
"130",1070740800,20,0.997814814563054,-0.891042412706471,5.68571428571429,21.2283937142857,14.2735607556225
"131",1070744400,21,0.99311303237317,-0.791338192312336,5.92857142857143,14.2070874285714,19.2372900804241
"132",1070748000,22,0.996910729431411,-0.649512571847385,5.95714285714286,8.64893371428572,23.2630774070539
"133",1070751600,23,0.997598749309142,0.163854332492779,5.68571428571429,5.68880742857143,24.6569334761971
"134",1070755200,24,0.986553291905758,0.540237878699625,5.1,2.74799428571429,25.0114855708258
"135",1070758800,1,0.989679484972825,0.82760234670276,4.38571428571429,1.14271828571429,23.7378958820255
"136",1070762400,2,0.991200681610194,0.963400239103693,3.58571428571429,0.519455428571429,21.2794211231678
"137",1070766000,3,0.996806434846458,0.828052106394211,2.78571428571429,0.6755,17.8605467937957
"138",1070769600,4,0.992534525247242,0.734797525724081,2.15714285714286,1.970368,14.2586821313949
"139",1070773200,5,0.974708615315782,0.910580357463466,1.94285714285714,0.677401142857143,10.7822653743654
"140",1070776800,6,0.962286112516483,0.972177053345454,1.88571428571429,0.288456571428571,8.86066709230764
"141",1070780400,7,0.987726537165222,0.857845368533612,2.04285714285714,0.170582285714285,7.87551564190728
"142",1070784000,8,0.994910653850688,0.900898181586174,2.32857142857143,1.44517714285714,6.21408062464895
"143",1070787600,9,0.992418831246902,0.907018129509721,2.7,7.62485542857143,6.30533303961852
"144",1070791200,10,0.993009883921545,0.925080219435787,3.1,12.6260674285714,6.70067138361659
"145",1070794800,11,0.984094324214813,0.936984557036487,3.55714285714286,13.8894125714286,7.27900006064328
"146",1070798400,12,0.998338864695695,0.890979792477723,3.9,13.9465737142857,8.04683249744179
"147",1070802000,13,0.997367095024696,0.626119144924852,4.08571428571429,14.9311074285714,8.19450166944082
"148",1070805600,14,0.990649017302283,0.561999191433187,4.7,5.62933942857144,8.99253389149655
"149",1070809200,15,0.994862883227131,0.651960650012295,5.65714285714286,0.849774285714285,10.101135394696
"150",1070812800,16,0.995748985550164,0.799233321643123,6.65714285714286,0.169288571428571,9.02206772589636
"151",1070816400,17,0.996883543944287,0.594060377418802,7.62857142857143,1.01478742857143,7.75878093789677
"152",1070820000,18,0.996240987435755,-0.499817256989184,8.4,1.91992,5.97765526726892
"153",1070823600,19,0.99453957822848,-0.836787086040471,8.9,1.90197485714286,4.5395199296697
"154",1070827200,20,0.963587239680869,-0.816723787533779,9.62857142857143,4.043624,4.03091842647028
"155",1070830800,21,0.950847097526684,0.26505843458702,9.92857142857143,3.28371085714285,3.41430833001335
"156",1070834400,22,0.969381663933239,0.414831051698767,9.72857142857143,2.78720057142857,3.6755371161847
"157",1070838000,23,0.943821357250987,0.576881867680097,9.51428571428571,5.360068,4.14507095058451
"158",1070841600,24,0.963171546275009,0.752685423387046,9.14285714285714,1.30796228571428,4.08370897424168
"159",1070845200,1,0.98801164320007,0.474527946948107,8.74285714285714,2.09636857142857,3.96261337824182
"160",1070848800,2,0.996303879878035,-0.403860520794398,8.44285714285714,4.98843542857143,3.97540392601322
"161",1070852400,3,0.979962860933044,-0.663849709901238,8.32857142857143,3.86418057142858,4.17447159481283
"162",1070856000,4,0.990407701704109,0.377430298955455,8.37142857142857,2.26125714285714,6.84702583686925
"163",1070859600,5,0.983573178245371,0.737601659740571,8.47142857142857,2.48228171428572,8.27616010075461
"164",1070863200,6,0.977726500542823,0.167572775610385,8.45714285714286,2.76482457142858,7.477092431955
"165",1070866800,7,0.982774643498225,0.796704690880139,8.38571428571429,3.53075371428571,7.31014936006936
"166",1070870400,8,0.992368724763109,0.242104159615044,8.4,5.95876742857143,7.89051885595582
"167",1070874000,9,0.99048331174292,-0.833256500370389,8.6,9.341988,8.42789801881366
"168",1070877600,10,0.996722596206783,-0.246019781631694,8.97142857142857,26.6628005714286,8.46527718167149
"169",1070881200,11,0.991252208468912,-0.51704527322383,9.15714285714286,29.6906925714286,5.24505376761604
"170",1070884800,12,0.98639602586231,-0.760739178754003,8.95714285714286,14.5675737142857,2.87217299596066
"171",1070888400,13,0.988315406866539,-0.585577201235437,8.91428571428571,17.1040988571429,3.75347482304751
"172",1070892000,14,0.977406656760757,-0.726755682362269,8.52857142857143,4.13566171428571,5.69597536167771
"173",1070895600,15,0.978366078120379,-0.154881101515593,8.17142857142857,2.83993657142857,8.09049738167841
"174",1070899200,16,0.984849533458842,-0.301370080255659,7.81428571428571,5.69544,11.0924952342507
"175",1070902800,17,0.983341993056229,-0.950831741879885,6.94285714285714,7.94560171428571,14.5693115617946
"176",1070906400,18,0.983508239493368,-0.935851266356596,6.02857142857143,11.0811651428571,18.5321085553957
"177",1070910000,19,0.978392072499764,-0.63471036466182,5.44285714285714,6.28142514285714,22.4988582878539
"178",1070913600,20,0.990811575860411,-0.967625394135696,4.6,5.30373314285714,25.8607229502547
"179",1070917200,21,0.995329380892982,-0.883412037306169,4.24285714285714,3.37111314285714,27.625874400655
"180",1070920800,22,0.997350234359826,-0.641390320852927,3.81428571428571,1.56656057142857,28.3190645189409
"181",1070924400,23,0.999377662609634,0.415657996987606,3.27142857142857,1.07231657142857,27.5129506627122
"182",1070928000,24,0.997534293676488,0.537793281304491,2.67142857142857,0.932454285714286,26.197998997569
"183",1070931600,1,0.995610628752609,0.856610456827058,2.14285714285714,0.234598285714286,24.09407633334
"184",1070935200,2,0.994338602876404,0.942201629320391,1.74285714285714,0.882374285714286,21.5685253124252
"185",1070938800,3,0.9923448148707,0.835916174920973,1.55714285714286,1.35643257142857,18.7384887919674
"186",1070942400,4,0.996850254992881,0.812996626972093,1.48571428571429,1.27121142857143,16.2228711759669
"187",1070946000,5,0.971639469458485,0.915731606321641,1.57142857142857,0.28666,14.0616724644235
"188",1070949600,6,0.993936429330206,0.873253196405208,1.71428571428571,0.256975428571429,12.1875500149373
"189",1070953200,7,0.997081288480164,0.518228991156328,1.94285714285714,0.131829714285714,11.6372170395086
"190",1070956800,8,0.997372141038343,0.330366553937205,2.21428571428571,0.129994285714286,11.0368174689941
"191",1070960400,9,0.995490257458053,0.155325441555604,2.52857142857143,0.139218285714286,10.3663513033939
"192",1070964000,10,0.989402998964247,-0.193332875216489,2.81428571428571,0.153588571428571,10.4649893270511
"193",1070967600,11,0.995275035523575,-0.546135811871171,3.07142857142857,0.371151428571429,10.8766842788226
"194",1070971200,12,0.996316106627929,-0.759149473714527,3.34285714285714,1.500556,11.3841601113942
"195",1070974800,13,0.982259685731459,-0.555131013871918,3.41428571428571,0.319378285714286,12.6650924425946
"196",1070978400,14,0.973141015372795,-0.93064225762381,3.5,1.41407142857143,13.4555586081948
"197",1070982000,15,0.981592525073071,-0.812266633647576,3.6,1.08838171428571,14.5133674161951
"198",1070985600,16,0.979223957993852,-0.724128459850886,3.58571428571429,1.15246742857143,15.6298142478525
"199",1070989200,17,0.957796176575512,-0.816407067670728,3.52857142857143,0.604858285714286,16.2816423897955
"200",1070992800,18,0.969816969285133,-0.643393974524931,3.45714285714286,0.622452571428572,17.2421751504815
"201",1070996400,19,0.989119875839989,-0.524613564729977,3.25714285714286,0.467933142857143,18.3356316491103
"202",1.071e+09,20,0.986898372171573,-0.085387077459561,3.15714285714286,0.300914285714286,18.9288217673961
"203",1071003600,21,0.989588362040826,0.0186674747520581,3.01428571428571,0.165033142857143,18.5729076964246
"204",1071007200,22,0.98593929258276,-0.000967517017878167,2.85714285714286,0.233951428571429,18.3384887919674
"205",1071010800,23,0.98424936027793,0.140830734771977,2.77142857142857,0.125480571428571,18.2227079111674
"206",1071014400,24,0.968746574526212,0.934420532711499,2.65714285714286,0.0165702857142857,18.1069270303674
"207",1071018000,1,0.974884018743505,0.932545235099191,2.52857142857143,0.113695428571429,16.8333373415671
"208",1071021600,2,0.979976216628506,0.843111202010639,2.45714285714286,0.209054857142857,15.5283190813382
"209",1071025200,3,0.98679057454893,0.582369450075962,2.5,0.0296817142857142,15.0480527009952
"210",1071028800,4,0.992073891559461,0.206306116961077,2.52857142857143,0.0819577142857142,15.1638335817953
"211",1071032400,5,0.994812971477317,-0.388900032725401,2.54285714285714,0.281864571428572,15.5197476527668
"212",1071036000,6,0.993499431873257,-0.676580889873832,2.55714285714286,0.175679428571428,15.754166557224
"213",1071039600,7,0.992130464244411,0.412642834080405,2.71428571428571,0.341840571428571,16.4917089848813
"214",1071043200,8,0.975401386803078,-0.846573117771747,2.87142857142857,0.746317142857142,17.7652986736816
"215",1071046800,9,0.982275970323959,-0.868803737812436,2.92857142857143,0.338104571428571,18.8073266008818
"216",1071050400,10,0.986384535545014,-0.764104835338265,2.91428571428571,0.287996571428571,19.5448690285391
"217",1071054000,11,0.993058079994412,-0.612005598954413,2.87142857142857,0.296415428571428,20.2995543133393
"218",1071057600,12,0.985527069177788,-0.506828684080346,2.84285714285714,0.236464571428571,20.5511160749394
"219",1071061200,13,0.987170814538301,-0.000235699117760599,2.75714285714286,0.302237142857143,21.0542395981395
"220",1071064800,14,0.990916779958576,-0.225274978448382,2.6,0.11524,21.0542395981395
"221",1071068400,15,0.987279053381202,-0.635195969863158,2.47142857142857,0.0474605714285712,21.1871633360824
"222",1071072000,16,0.979731012341862,-0.110668081133383,2.38571428571429,0.0241885714285715,21.3172299311681
"223",1071075600,17,0.969383751348252,-0.479651071351546,2.3,0.0219548571428571,21.450153669111
"224",1071079200,18,0.987926825180506,-0.711613150242864,2.27142857142857,0.119989714285714,21.585934549911
"225",1071082800,19,0.966523488606686,-0.916134019433259,2.21428571428571,0.310836571428572,22.1233437873968
"226",1071086400,20,0.812749938420331,-0.709477476530191,2.21428571428571,0.240014857142857,22.2562675253397
"227",1071090000,21,0.921714447171082,-0.660656512897325,2.2,0.188848571428571,22.6636101677398
"228",1071093600,22,0.950241953459715,-0.668827583893244,2.18571428571429,0.189571428571429,22.938029072197
"229",1071097200,23,0.980618360075608,-0.379602841344533,2.17142857142857,0.177056,23.2067336909399
"230",1071100800,24,0.98086839120654,0.290820935278132,2.15714285714286,0.040172,23.2067336909399
"231",1071104400,1,0.984730339620084,-0.0412275623683135,2.1,0.0288497142857143,23.3453717145971
"232",1071108000,2,0.97283334983365,-0.36878363689554,2.08571428571429,0.0393291428571429,23.3453717145971
"233",1071111600,3,0.957236881319885,-0.289271377840599,2.04285714285714,0.0551577142857142,23.6197906190543
"234",1071115200,4,0.964332859748671,-0.0994831356752771,2.01428571428571,0.0565525714285714,23.4811525953971
"235",1071118800,5,0.962636325010839,-0.248789095466771,1.98571428571429,0.0888565714285714,23.4811525953971
"236",1071122400,6,0.901762865058188,-0.361888217675635,1.98571428571429,0.0647788571428572,23.6197906190543
"237",1071126000,7,0.971563455513887,-0.676713916259423,1.97142857142857,0.0573982857142858,24.0357046900258
"238",1071129600,8,0.987440442466974,-0.517291227897784,1.97142857142857,0.107089714285714,24.0357046900258
"239",1071133200,9,0.979631381439556,-0.668326210318071,1.94285714285714,0.103010857142857,24.1771998565401
"240",1071136800,10,0.976536723608195,-0.468871034392385,1.95714285714286,0.0924514285714288,24.1771998565401
"241",1071140400,11,0.982458152797271,-0.398134224577737,1.95714285714286,0.0804988571428573,24.4573330467116
"242",1071144000,12,0.982714774222507,0.056947486778008,1.94285714285714,0.175465142857143,24.4573330467116
"243",1071147600,13,0.958672947070293,-0.0505685083204523,1.9,0.0546228571428571,24.5988282132259
"244",1071151200,14,0.987469696258208,-0.445183468831445,1.9,0.339502285714286,24.5988282132259
"245",1071154800,15,0.953385455123967,-0.687274452377175,1.88571428571429,0.342726857142857,25.0318851413403
"246",1071158400,16,0.950146187582613,-0.782099567594659,1.88571428571429,0.305165714285714,25.4735134980261
"247",1071162000,17,0.947420911199831,-0.683743400599654,1.85714285714286,0.442335428571429,26.0566370212262
"248",1071165600,18,0.892226281966583,-0.864084312321706,1.85714285714286,0.664121142857143,26.3481987828262
"249",1071169200,19,0.882335719761328,-0.712424833716523,1.84285714285714,0.269559428571429,26.4896939493406
"250",1071172800,20,0.950856930519103,0.145784169505216,1.84285714285714,0.251517714285714,26.2095607591691
"251",1071176400,21,0.960391121708155,0.600547047262561,1.8,0.372648,25.6607229502547
"252",1071180000,22,0.984540485209249,0.733944450379773,1.75714285714286,0.168424571428571,24.6902567846545
"253",1071183600,23,0.979908009687037,0.949985347041039,1.7,0.0159388571428572,23.6997906190543
"254",1071187200,24,0.983650773955392,0.979076867365884,1.67142857142857,0.00934514285714288,22.3276960967683
"255",1071190800,1,0.990277554439927,0.902196143832559,1.65714285714286,0.0255925714285716,21.2300204789395
"256",1071194400,2,0.988465234181663,0.561582082067974,1.68571428571429,0.135052571428571,20.6811826700251
"257",1071198000,3,0.995287475189441,-0.0703636598533132,1.74285714285714,0.570505142857143,20.6811826700251
"258",1071201600,4,0.999327115759769,-0.507867457287877,1.84285714285714,0.537078285714286,20.814106407968
"259",1071205200,5,0.996313943726083,-0.216578565194167,1.94285714285714,0.283954285714286,20.814106407968
"260",1071208800,6,0.978618275137694,-0.303997672896468,2.08571428571429,0.200709142857143,20.5568303606536
"261",1071212400,7,0.977079339397123,-0.242198804929348,2.2,0.11656,20.9384587173394
"262",1071216000,8,0.981119055659745,0.609996757579074,2.25714285714286,0.0758531428571427,20.9384587173394
"263",1071219600,9,0.984223283424425,0.758057698367186,2.25714285714286,0.01098,20.6811826700251
"264",1071223200,10,0.975330930204947,0.339786156819867,2.24285714285714,0.0209668571428571,20.4124780512822
"265",1071226800,11,0.963914734049199,-0.365668028858451,2.24285714285714,0.0449577142857143,20.4124780512822
"266",1071230400,12,0.994480770358105,-0.521899916227725,2.27142857142857,0.0822885714285714,20.6754683843108
"267",1071234000,13,0.989739499326897,-0.403730978439834,2.22857142857143,0.0782119999999999,20.8026778365394
"268",1071237600,14,0.975932099433411,-0.129023783142104,2.22857142857143,0.139387428571429,20.5454017892251
"269",1071241200,15,0.989892898678532,0.529394256000318,2.25714285714286,0.0957840000000001,20.4210494798536
"270",1071244800,16,0.963208575456701,0.671421940688966,2.28571428571429,0.0734628571428572,20.0565639803107
"271",1071248400,17,0.96649244000519,0.773327318588694,2.28571428571429,0.0569445714285715,19.6749356236249
"272",1071252000,18,0.979691424142079,0.615250044368317,2.25714285714286,0.0414537142857143,19.542011885682
"273",1071255600,19,0.973305037738974,-0.225038218327198,2.24285714285714,0.0537479999999999,19.4090881477391
"274",1071259200,20,0.983120961047069,-0.612708090076389,2.27142857142857,0.097554857142857,19.8078593615678
"275",1071262800,21,0.990090489434997,-0.914710962327944,2.28571428571429,0.189500571428572,20.4724780512822
"276",1071266400,22,0.995003694203511,-0.828507074190515,2.32857142857143,0.467341142857143,21.2614490503681
"277",1071270000,23,0.987633162784153,-0.850873778245195,2.37142857142857,0.327485714285714,22.4320484061398
"278",1071273600,24,0.984973741573812,-0.934384644262711,2.38571428571429,0.359821142857143,23.5068668811114
"279",1071277200,1,0.992580728819129,-0.860644799630635,2.4,0.296936571428571,24.0557046900258
"280",1071280800,2,0.979586084641352,-0.942228009173794,2.35714285714286,0.133903428571429,24.6045424989402
"281",1071284400,3,0.987025573046036,-0.792569136363127,2.28571428571429,0.0958714285714287,25.0290279984831
"282",1071288000,4,0.99601222834573,-0.722994789967527,2.2,0.0742937142857143,25.3148754743689
"283",1071291600,5,0.995876986350217,-0.802426863079975,2.07142857142857,0.0411262857142858,25.6007229502547
"284",1071295200,6,0.995736378380138,-0.00486497058761899,1.95714285714286,0.0418102857142858,25.6007229502547
"285",1071298800,7,0.995150736899642,-0.523371354795644,1.9,0.141961142857143,25.7479324024833
"286",1071302400,8,0.984465773310036,-0.590306030455386,1.84285714285714,0.574201714285714,26.1895607591691
"287",1071306000,9,0.942626224195806,-0.451503385157895,1.8,0.399550857142857,26.6311891158549
"288",1071309600,10,0.951572501819405,-0.764269266000462,1.77142857142857,0.132519428571429,26.9284651631692
"289",1071313200,11,0.934493209742649,-0.815439261758303,1.74285714285714,0.0982805714285717,27.0756746153978
"290",1071316800,12,0.967542425026719,-0.16693819501487,1.74285714285714,0.266232571428571,26.789827139512
"291",1071320400,13,0.930950441366155,0.633966295767505,1.72857142857143,0.0939011428571429,26.6483319729977
"292",1071324000,14,0.962164869549352,0.908754605172669,1.68571428571429,0.0158594285714286,25.9408561404262
"293",1071327600,15,0.948597257728952,0.917112802748773,1.64285714285714,0.00959599999999998,25.357732617226
"294",1071331200,16,0.960152389046764,0.747084818447604,1.61428571428571,0.0178308571428572,24.9161042605403
"295",1071334800,17,0.950082702660151,-0.157900340605096,1.6,0.0839617142857143,24.7660376654545
"296",1071338400,18,0.996377521566339,-0.516181774476,1.62857142857143,0.253718857142857,24.4744759038545
"297",1071342000,19,0.989128651610824,-0.731438582547116,1.64285714285714,0.613329142857142,24.9075328319688
"298",1071345600,20,0.990887537541115,-0.8309822234402,1.71428571428571,0.892728571428572,25.4906563551689
"299",1071349200,21,0.985633611355313,-0.859093567968192,1.77142857142857,0.421584571428572,26.5011225207691
"300",1071352800,22,0.969326496158145,-0.721556786991144,1.81428571428571,0.309768571428571,26.9341794488835
"301",1071356400,23,0.98133083779825,-0.361582945497361,1.82857142857143,0.313486857142857,27.0785317582549
"302",1071360000,24,0.968023027220114,0.282545463573586,1.85714285714286,0.422182285714286,26.9313223060263
"303",1071363600,1,0.946059830704434,0.531782233514306,1.81428571428571,0.233286285714286,26.9313223060263
"304",1071367200,2,0.972489904741656,0.882396090848476,1.75714285714286,0.0550342857142858,26.6397605444263
"305",1071370800,3,0.969935539685357,0.891076251796145,1.65714285714286,0.018124,26.1981321877405
"306",1071374400,4,0.897062142225868,0.953088682268301,1.61428571428571,0.0108885714285714,25.4620849265975
"307",1071378000,5,0.900156211823514,0.936711134110194,1.6,0.014468,25.0290279984831
"308",1071381600,6,0.978498328745942,0.89618866132876,1.61428571428571,0.137778857142857,24.7431805225974
"309",1071385200,7,0.960488774257858,0.784169261348114,1.61428571428571,0.296528,24.3186950230544
"310",1071388800,8,0.981090388643161,0.713228648569259,1.64285714285714,0.00399199999999999,24.0385618328829
"311",1071392400,9,0.98856517536022,0.781976950003005,1.68571428571429,0.0058622857142857,23.7584286427115
"312",1071396000,10,0.990946324278676,0.524835779563921,1.75714285714286,0.00548342857142859,23.6169334761971
"313",1071399600,11,0.982867688214279,0.62191221143873,1.8,0.102695428571429,23.6169334761971
"314",1071403200,12,0.971019931512104,-0.0697595517704043,1.82857142857143,0.155895428571428,23.6169334761971
"315",1071406800,13,0.984175334120393,-0.279595488733179,1.87142857142857,0.192169714285715,23.3425145717399
"316",1071410400,14,0.986770376549997,0.137309154160761,1.9,0.103276571428571,22.9437433579113
"317",1071414000,15,0.98295579731239,0.562981297874808,1.92857142857143,0.0424942857142857,22.417762691854
"318",1071417600,16,0.964786415902894,0.960900049395501,1.94285714285714,0.0104902857142857,21.7674297164253
"319",1071421200,17,0.956483700496184,0.845721913723131,1.94285714285714,0.0215422857142856,21.2300204789395
"320",1071424800,18,0.934352474210098,0.344820275367955,1.94285714285714,0.0501782857142856,20.9556015744823
"321",1071428400,19,0.96731161761794,-0.590698222076654,1.97142857142857,0.0691257142857142,20.9556015744823
"322",1071432000,20,0.988657577855817,-0.843411122041261,2.01428571428571,0.203334857142857,21.5158679548253
"323",1071435600,21,0.994761648517151,-0.783125743501135,2.07142857142857,0.368223428571429,22.3391246681969
"324",1071439200,22,0.998040794825554,-0.816224627746226,2.14285714285714,0.554906857142857,23.0037433579113
"325",1071442800,23,0.989283585796438,-0.76313114909417,2.2,0.663393714285714,23.9342095235115
"326",1071446400,24,0.984536834450153,-0.450411294542902,2.22857142857143,0.532824571428572,24.6131139275116
"327",1071450000,1,0.989337996102602,-0.264419302366487,2.22857142857143,0.407177714285714,25.3205897600832
"328",1071453600,2,0.981874496460627,-0.188438433913497,2.17142857142857,0.0796731428571429,25.7536466881976
"329",1071457200,3,0.993527695572532,-0.653400202479657,2.08571428571429,0.0646771428571429,25.9008561404262
"330",1071460800,4,0.985780129910754,-0.816968683902738,2.01428571428571,0.139069142857143,26.1981321877405
"331",1071464400,5,0.97992011109226,-0.861407912790985,1.91428571428571,0.207546857142857,26.7812557109406
"332",1071468000,6,0.969814292989915,-0.789787604337054,1.84285714285714,0.605097714285714,27.2228840676264
"333",1071471600,7,0.96074790313012,-0.829041221618553,1.77142857142857,0.110758857142857,27.6645124243122
"334",1071475200,8,0.940058438803365,-0.245256502913269,1.72857142857143,0.0485319999999999,27.6645124243122
"335",1071478800,9,0.951588837998349,0.227322621638248,1.71428571428571,0.0722611428571428,27.6645124243122
"336",1071482400,10,0.981270844551864,0.851078300135392,1.68571428571429,0.139412,27.6645124243122
"337",1071486000,11,0.972657784793764,0.762711609162307,1.62857142857143,0.105287428571429,27.3672363769979
"338",1071489600,12,0.957611097439947,0.766282258085948,1.58571428571429,0.041828,27.2171697819121
"339",1071493200,13,0.947033151912201,0.700670389355745,1.54285714285714,0.00805028571428572,26.634046258712
"340",1071496800,14,0.928933301400454,0.809748117539055,1.54285714285714,0.0289651428571428,26.0509227355119
"341",1071500400,15,0.921883142002332,0.924053526470399,1.54285714285714,0.0804337142857142,25.3434469029403
"342",1071504000,16,0.956228987263535,0.927831266441645,1.54285714285714,0.124090285714286,24.6359710703688
"343",1071507600,17,0.973088543160082,0.755282550522295,1.57142857142857,0.274300571428572,24.0642761185972
"344",1071511200,18,0.962905470406016,0.645319722418232,1.58571428571429,0.0994045714285714,23.5040097382543
"345",1071514800,19,0.961363011345151,0.211770707246246,1.64285714285714,0.122934285714286,23.0709528101399
"346",1071518400,20,0.963886606158226,0.519049649353546,1.7,0.0109474285714286,22.6636101677398
"347",1071522000,21,0.980650609830657,0.507785234027344,1.77142857142857,0.0249251428571429,21.8746391686539
"348",1071525600,22,0.982653286629795,0.821729927185542,1.84285714285714,0.0233142857142857,21.2385919075109
"349",1071529200,23,0.984012844228211,0.67607580887251,1.9,0.0698834285714285,20.7240398128822
"350",1071532800,24,0.984084456699291,0.852817770982644,1.95714285714286,0.108793714285714,19.717792766482
"351",1071536400,1,0.982388672462802,0.965816427658922,2,0.252487428571429,18.6243362678532
"352",1071540000,2,0.938379580563653,0.85132565914964,2.04285714285714,0.173710857142857,17.2564608647672
"353",1071543600,3,0.972144464923576,0.745329219258353,2.12857142857143,0.0247245714285715,16.5189184371099
"354",1071547200,4,0.983305668410418,0.338020651360482,2.2,0.0446074285714285,16.3974232705956
"355",1071550800,5,0.981329756711707,-0.361701667399048,2.25714285714286,0.0881457142857143,16.7704801987099
"356",1071554400,6,0.986373684422762,-0.954747411664547,2.37142857142857,0.342056,17.2850322933386
"357",1071558000,7,0.989815844787881,-0.550691498749626,2.5,0.371737714285714,17.4008131741386
"358",1071561600,8,0.991273986116927,-0.264027945138297,2.65714285714286,0.299471428571428,17.7395843879673
"359",1071565200,9,0.985361428096552,-0.0885921880444886,2.74285714285714,0.486781142857142,18.3184887919674
"360",1071568800,10,0.994504290163118,0.45557778599463,2.75714285714286,0.398156571428572,18.4342696727675
"361",1071572400,11,0.994486024205646,0.376264274613733,2.71428571428571,0.0812794285714286,18.6801171486532
"362",1071576000,12,0.989274933312301,0.46867670453396,2.65714285714286,0.048988,18.1884221968817
"363",1071579600,13,0.991846307738169,0.137822577526308,2.64285714285714,0.0738519999999998,17.3179560312815
"364",1071583200,14,0.994345439044085,0.395254930187689,2.6,0.0711234285714286,17.3179560312815
"365",1071586800,15,0.982497158622543,0.648975220324903,2.52857142857143,0.0278742857142857,17.3179560312815
"366",1071590400,16,0.974424072084754,0.437835045771234,2.51428571428571,0.0737662857142858,17.07782284111
"367",1071594000,17,0.939898660530562,0.692474405467912,2.48571428571429,0.00836971428571428,17.07782284111
"368",1071597600,18,0.973016662695973,-0.0922608721737838,2.54285714285714,0.0570531428571429,16.597556460767
"369",1071601200,19,0.980783424161686,0.595470122948268,2.64285714285714,0.0373560000000001,16.3688518420241
"370",1071604800,20,0.96059241173439,0.295847965069761,2.64285714285714,0.0125097142857143,16.6032707464813
"371",1071608400,21,0.958237305265096,0.674807581976624,2.64285714285714,0.0141428571428572,16.2644995326527
"372",1071612000,22,0.969222442951034,0.740182899551763,2.67142857142857,0.0162451428571429,15.925728318824
"373",1071615600,23,0.978138085709566,0.464968273660278,2.67142857142857,0.0167057142857143,15.809947438024
"374",1071619200,24,0.945090406410229,0.499324448553412,2.72857142857143,0.196566285714286,15.3639667719667
"375",1071622800,1,0.982668115451008,0.768902060475313,2.75714285714286,0.019158857142857,14.8279195108238
"376",1071626400,2,0.985731682941911,0.814196851949855,2.72857142857143,0.0283142857142857,14.2103770831664
"377",1071630000,3,0.965547746196451,0.892346209987209,2.77142857142857,0.0274691428571427,13.0625016800804
"378",1071633600,4,0.945118317979971,0.825190503055277,2.81428571428571,0.131450285714286,12.3720355144802
"379",1071637200,5,0.982394355426853,0.899541579547431,2.82857142857143,0.308969142857143,11.51000758728
"380",1071640800,6,0.969549085160581,0.224265284848551,2.88571428571429,0.549779428571429,10.046084923051
"381",1071644400,7,0.959003560582863,0.916807901877589,2.95714285714286,0.192405714285714,8.98242863916492
"382",1071648000,8,0.988668125560921,0.535508953648155,3.04285714285714,0.129966285714286,8.6050194016791
"383",1071651600,9,0.993546944988856,0.202358567509187,3.2,0.104142857142857,8.6050194016791
"384",1071655200,10,0.99428658624606,0.154241635174985,3.3,0.125034285714286,8.78800973470772
"385",1071658800,11,0.997157298999114,-0.773965002239522,3.42857142857143,0.369413142857144,9.16541897219355
"386",1071662400,12,0.996406517069418,-0.964633872152998,3.65714285714286,1.12568971428572,9.61575194762226
"387",1071666000,13,0.99414592179701,-0.606017601103791,3.82857142857143,2.37730171428572,10.4449893270511
"388",1071669600,14,0.982006928141135,-0.520343824719746,3.88571428571429,0.719129142857143,11.3027981350514
"389",1071673200,15,0.991753129585094,-0.142632364384604,3.88571428571429,0.340309714285714,11.48578846808
"390",1071676800,16,0.987747300201924,-0.290268900834209,3.85714285714286,0.243746285714286,11.7817025390515
"391",1071680400,17,0.986502037990857,-0.445419847328245,3.8,0.125950285714286,12.3992449667088
"392",1071684000,18,0.996703135145009,-0.769345504396502,3.72857142857143,0.140197142857142,13.0510731086519
"393",1071687600,19,0.995720348988408,-0.852905087788418,3.58571428571429,0.566936571428572,13.5728346555091
"394",1071691200,20,0.97539744961309,-0.525572990459521,3.44285714285714,0.399147428571429,13.9845296072807
"395",1071694800,21,0.948119444628905,-0.315110473325491,3.41428571428571,0.578824571428571,14.1903770831664
"396",1071698400,22,0.913797314076796,0.540790839037869,3.37142857142857,0.263029714285715,14.3847959876236
"397",1071702000,23,0.969588905654016,0.857588650620274,3.28571428571429,0.0205914285714285,14.3847959876236
"398",1071705600,24,0.990938015387818,0.68937471272556,3.2,0.0573325714285712,14.6135006063666
"399",1071709200,1,0.986105006649015,0.496672970642438,3.12857142857143,0.164255428571429,14.3847959876236
"400",1071712800,2,0.991925734303804,-0.185542578110692,3.07142857142857,0.0864702857142859,14.0631676309378
"401",1071716400,3,0.993756629993097,0.110670496032968,3.04285714285714,0.479179428571428,13.7501107028235
"402",1071720000,4,0.994214349337081,0.0113248994736119,3.01428571428571,0.485430857142857,13.8573201550521
"403",1071723600,5,0.984739852406383,0.167766378047485,3.01428571428571,0.210886857142857,14.1703770831664
"404",1071727200,6,0.984479727820581,0.287655092430613,2.98571428571429,0.0433782857142859,14.3819388447665
"405",1071730800,7,0.977884920129798,-0.262031835389659,3.01428571428571,0.0801725714285713,14.0431676309378
"406",1071734400,8,0.98361405666355,-0.881918622552392,3.05714285714286,0.120928,14.0431676309378
"407",1071738000,9,0.977335615857875,-0.777163028045202,3.1,0.427040000000001,15.0851955581381
"408",1071741600,10,0.981586932903163,-0.577416777580418,3.08571428571429,0.247140000000001,15.7370237000811
"409",1071745200,11,0.986726142888025,-0.549785236019674,3.04285714285714,0.281693142857143,16.0757949139098
"410",1071748800,12,0.992353597618475,-0.629743574584859,3.01428571428571,0.580621142857142,16.6546993179099
"411",1071752400,13,0.96483763228125,-0.554900814784268,3.05714285714286,0.802575428571428,17.4851654835101
"412",1071756000,14,0.970390304836616,-0.590962473759394,3.05714285714286,0.838770285714287,18.445698244196
"413",1071759600,15,0.971679935887373,0.422832960521317,2.92857142857143,26.762204,29.9837175745923
"414",1071763200,16,0.965829700564766,0.628449645587576,2.84285714285714,57.059996,45.3217669796165
"415",1071766800,17,0.973441813573998,0.826897079260445,2.8,97.4599234285714,67.4245983391545
"416",1071770400,18,0.965775892555835,0.781309610263236,2.72857142857143,159.139665142857,103.90230832292
"417",1071774000,19,0.96445054938786,0.840977616189411,2.62857142857143,222.707816,139.202875449543
"418",1071777600,20,0.971564397690117,0.868229776701292,2.51428571428571,310.098344,190.615464057537
"419",1071889200,3,0.998478716647106,-0.646352665644425,4.47142857142857,72.7564828571429,217.202810991246
"420",1071892800,4,0.998915123140394,0.320636280439369,6.72857142857143,41.7750502857143,210.890256749189
"421",1071896400,5,0.997033346978539,0.695710498655181,9.18571428571429,44.4519154285715,203.463416792847
"422",1071900000,6,0.997762906741863,0.883541783603166,12.1285714285714,8.89268171428572,190.521861477077
"423",1071910800,9,0.997915408905349,0.883777181326854,15.0714285714286,5.86169142857143,161.007455464279
"424",1071914400,10,0.983367060479694,0.873088583719135,18.5,9.20568342857144,130.670591879139
"425",1071918000,11,0.977056187245066,0.660412601667388,21.2142857142857,21.5096525714286,78.8793523558286
"426",1071921600,12,0.985571639403632,0.747801710158451,20.8428571428571,2.39509257142857,52.2858786742313
"427",1071925200,13,0.981415445615981,0.881423583726138,20.4714285714286,2.62738971428571,48.4530580518319
"428",1071928800,14,0.981762909092521,0.6633999396326,19.8857142857143,2.30538057142856,41.6553222847471
"429",1071932400,15,0.985010889660944,0.47860304043492,18.6857142857143,3.23248228571429,34.2520054221196
"430",1071936000,16,0.987791009793811,0.4451197263617,17.4,2.04737314285714,27.1675929634921
"431",1071939600,17,0.967003123192838,-0.186052857353331,15.2142857142857,0.710542857142856,23.1276960790356
"432",1071943200,18,0.987236168161117,-0.0286869375066574,13.8142857142857,0.417323428571428,24.9282589143495
"433",1071946800,19,0.992559270608258,-0.794751661236884,13.5,0.993858285714287,27.5742696550348
"434",1071950400,20,0.992969607287479,-0.763168795566118,13.0142857142857,0.853501714285713,28.8080226086346
"435",1071954000,21,0.993030911010358,-0.193243811241139,12.5,3.40323142857143,25.1191246504642
"436",1071957600,22,0.983552393426928,0.8868943301247,11.9142857142857,2.97312457142857,21.129131096294
"437",1071961200,23,0.952551806413161,-0.681134210297601,11.5857142857143,9.41310057142856,18.8814619242949
"438",1071964800,24,0.980276197038695,-0.881635369107684,11.7714285714286,20.9922674285714,15.3192105830392
"439",1071968400,1,0.960145199873954,-0.848699628375115,12.0142857142857,30.3071171428571,11.0029399078408
"440",1071972000,2,0.977147369779792,-0.813645794903854,12.1285714285714,40.6703874285714,5.3731826593855
"441",1071975600,3,0.983265569223805,-0.688711341268645,11.5857142857143,5.43314571428572,0.607378149787244
"442",1071979200,4,0.995623367841059,-0.0872500105800836,10.9714285714286,2.68477085714286,0.430471598359364
"443",1071982800,5,0.996838867111101,-0.443162982025898,10.4714285714286,3.71620285714286,0.310175143388405
"444",1071986400,6,0.996272163557567,-0.663133719163081,9.72857142857143,0.62204057142857,0.326621975045852
"445",1071990000,7,0.997487404205235,0.175538885949919,8.92857142857143,0.795964000000001,0.326621975045852
"446",1071993600,8,0.998309075132424,0.490130466754418,7.95714285714286,0.24802,0.348250331731649
"447",1071997200,9,0.995985072902174,-0.448631660193406,7.05714285714286,0.0853188571428579,0.382669236188848
"448",1072000800,10,0.993259578918144,-0.772739176474617,6.7,0.286442857142856,0.588916282589069
"449",1072004400,11,0.978788692898896,-0.58805086778421,6.45714285714286,0.684369714285714,0.687687496417723
"450",1072008000,12,0.976099104834925,-0.929473700058607,6.3,2.55653028571428,0.958286852189401
"451",1072011600,13,0.972829026848451,-0.893731605034549,6.3,4.26429885714286,1.22888620796108
"452",1072015200,14,0.961547997435771,-0.96535328870774,6.25714285714286,6.07148114285714,1.54546622979001
"453",1072018800,15,0.972551622091297,-0.765559217585456,6.22857142857143,4.94980228571428,1.80327503779029
"454",1072022400,16,0.990909018798908,-0.129590104897743,6.11428571428571,0.196622857142858,2.14679813150485
"455",1072026000,17,0.990700462380209,-0.433484433302264,6.07142857142857,0.138663428571429,2.31849308327639
"456",1072029600,18,0.992712095943068,-0.686478988962325,5.94285714285714,0.338654857142857,2.76909243904807
"457",1072033200,19,0.996935192077787,-0.357557865656721,5.81428571428571,0.284767428571429,3.27112036624831
"458",1072036800,20,0.997805421466584,-0.522429107095619,5.62857142857143,0.750688,3.8432148885343
"459",1072040400,21,0.990754506612894,-0.689423414511386,5.48571428571429,1.76419542857143,4.48823314876318
"460",1072044000,22,0.969451798789601,-0.8570594164457,5.34285714285714,2.99134628571429,5.58222240807794
"461",1072047600,23,0.979683204684309,-0.869116547120144,5.28571428571429,3.62654857142857,6.72614507230695
"462",1072051200,24,0.977413192562183,-0.688347120984995,5.15714285714286,1.81964057142857,8.16598180750747
"463",1072054800,1,0.990165465098907,-0.618536456887084,5.02857142857143,2.045572,9.32691413870786
"464",1072058400,2,0.992320014555473,-0.791318296430788,4.88571428571429,1.54900571428571,10.0603706373367
"465",1072062000,3,0.998253352430125,-0.217603222132165,4.72857142857143,0.799313714285715,10.5407702078511
"466",1072065600,4,0.996170307790939,0.320493949882587,4.48571428571429,0.340614285714285,11.2270172542514
"467",1072069200,5,0.996490118097019,0.167293768334851,4.25714285714286,0.207662857142857,11.8102739676229
"468",1072072800,6,0.996601817374773,-0.0380579814481438,3.98571428571429,0.187288571428571,12.0046928720801
"469",1072076400,7,0.996736650622351,0.0331575975784403,3.78571428571429,0.0720365714285713,11.9031977055658
"470",1072080000,8,0.990321015692166,-0.481873507534118,3.65714285714286,0.124942857142857,11.9031977055658
"471",1072083600,9,0.992489330345608,-0.390008376919683,3.57142857142857,0.420862857142858,12.1991117765373
"472",1072087200,10,0.995110132769091,-0.0809265446540663,3.45714285714286,0.294374857142857,12.477882990366
"473",1072090800,11,0.994970450801156,0.26554437327588,3.37142857142857,0.0367022857142857,12.7823684899089
"474",1072094400,12,0.978467173131741,-0.378108473564326,3.34285714285714,0.0318091428571429,12.5765210140232
"475",1072098000,13,0.974951130172885,0.259364229056407,3.35714285714286,0.0204451428571428,12.382102109566
"476",1072101600,14,0.968091191809509,0.624276918133067,3.35714285714286,0.0179011428571428,12.1876832051088
"477",1072105200,15,0.979636714562688,0.591252399145661,3.31428571428571,0.0177999999999999,12.1876832051088
"478",1072108800,16,0.993944375665771,0.183574893762482,3.27142857142857,0.0633908571428568,11.9875500149373
"479",1072112400,17,0.982192051592267,-0.170984645377322,3.22857142857143,0.0564234285714283,12.2920355144802
"480",1072116000,18,0.976875270943492,-0.705487204581703,3.25714285714286,0.182293142857143,12.3992449667088
"481",1072119600,19,0.962473173526195,-0.921394514275558,3.28571428571429,0.246096,13.0510731086519
"482",1072123200,20,0.967869950571584,-0.934750987607635,3.31428571428571,0.501081142857143,13.8973201550521
"483",1072126800,21,0.963735445118779,-0.948523640947667,3.31428571428571,0.535793142857143,15.1080527009952
"484",1072130400,22,0.973115576203624,-0.906469172498058,3.34285714285714,0.594,15.7770237000811
"485",1072134000,23,0.963745210574488,-0.740007931744603,3.3,0.645695428571429,16.6461278893385
"486",1072137600,24,0.961581845878931,-0.762767222553011,3.28571428571429,0.425208571428571,17.5838035071673
"487",1072141200,1,0.98110596937921,-0.840430820118846,3.2,0.269514285714286,18.5443362678532
"488",1072144800,2,0.986943419259636,-0.560540044102019,3.08571428571429,0.222069142857143,18.6629742915104
"489",1072148400,3,0.991295440068542,-0.0329583432495485,2.92857142857143,0.0623548571428571,18.6629742915104
"490",1072152000,4,0.98656561972458,0.504094453049074,2.84285714285714,0.0906017142857143,18.2984887919674
"491",1072155600,5,0.983075924254531,0.539128315579269,2.72857142857143,0.0340434285714286,18.1798507683103
"492",1072159200,6,0.973059849042163,0.815604983234198,2.61428571428571,0.0140725714285714,18.0612127446531
"493",1072162800,7,0.974761496490409,0.228104084414792,2.5,0.0634862857142858,17.9340032924245
"494",1072166400,8,0.977976285173269,-0.680781417946155,2.48571428571429,0.0797262857142856,17.5523749357387
"495",1072170000,9,0.978892571833971,-0.899830513017088,2.48571428571429,0.113552,17.9254318638531
"496",1072173600,10,0.993165093183951,-0.914967041270554,2.52857142857143,0.215693142857143,18.5471934107103
"497",1072177200,11,0.984250481694421,-0.899556473513303,2.54285714285714,0.338257142857143,19.0388883624819
"498",1072180800,12,0.991871854061849,-0.882510901875426,2.55714285714286,0.563974285714286,19.7935736472821
"499",1072184400,13,0.988805920490991,-0.77778887065767,2.57142857142857,0.157816571428571,20.2852685990536
"500",1072188000,14,0.977575823267749,-0.659664837709647,2.61428571428571,0.294681142857143,20.4124780512822
"501",1072191600,15,0.979932539564861,-0.0400176067558343,2.57142857142857,0.138642285714286,20.5368303606536
"502",1072195200,16,0.987417898428879,0.747492306702068,2.5,0.0145354285714286,20.1637734325393
"503",1072198800,17,0.97894018865394,0.518790800621035,2.44285714285714,0.0301074285714286,19.542011885682
"504",1072202400,18,0.984821534281,0.459569749059237,2.35714285714286,0.0492502857142857,19.542011885682
"505",1072206000,19,0.966026460943008,-0.0309615117824388,2.3,0.0429737142857145,19.4090881477391
"506",1072209600,20,0.944466813849063,-0.303570691531784,2.28571428571429,0.0365977142857143,19.4090881477391
"507",1072213200,21,0.919738129706365,-0.292366944658633,2.27142857142857,0.060608,19.1575263861391
"508",1072216800,22,0.970994405387515,0.124550893259117,2.31428571428571,0.0754331428571429,18.9116789102533
"509",1072220400,23,0.991294335672857,0.299086611669099,2.38571428571429,0.156717714285714,18.7930408865961
"510",1072224000,24,0.978195794868242,0.688521533524357,2.38571428571429,0.0158102857142858,19.0331740767676
"511",1072227600,1,0.985733146338869,0.540883171964583,2.4,0.0252377142857144,18.905964624539
"512",1072231200,2,0.988886776644695,0.0862207796316271,2.4,0.0235862857142857,18.6486885772247
"513",1072234800,3,0.983974427904326,-0.715649265040955,2.42857142857143,0.104850857142857,18.5214791249961
"514",1072238400,4,0.980034182855415,-0.536721953693763,2.45714285714286,0.181852,18.5214791249961
"515",1072242000,5,0.991808187702079,-0.0381011131019552,2.47142857142857,0.133641142857143,18.4028411013389
"516",1072245600,6,0.983020002222469,0.670419895340503,2.44285714285714,0.0506902857142858,17.8525081259102
"517",1072249200,7,0.991441474415607,0.823614332234253,2.45714285714286,0.114988571428572,17.06204196031
"518",1072252800,8,0.98828668348955,0.708107787743012,2.48571428571429,0.120761714285714,16.697556460767
"519",1072256400,9,0.982187678598447,0.792066250472044,2.5,0.245672571428571,15.7827379857954
"520",1072260000,10,0.983278248248496,0.676113893538079,2.5,0.196184571428571,14.8679195108237
"521",1072263600,11,0.986687918701429,0.0498655000175787,2.51428571428571,0.114917714285714,14.6277863206523
"522",1072267200,12,0.994212877581804,-0.589149842518998,2.58571428571429,0.402574857142856,15.2495478675095
"523",1072270800,13,0.996653199947078,-0.494727204911117,2.68571428571429,0.699143999999999,15.7998808429383
"524",1072274400,14,0.99219884099006,-0.453146018413771,2.72857142857143,0.474571428571429,16.0114426045383
"525",1072278000,15,0.975411818561047,-0.076105465921233,2.84285714285714,0.462220571428571,15.3596144625953
"526",1072281600,16,0.97540286375348,0.485678269830728,2.95714285714286,0.555918285714286,15.4639667719667
"527",1072285200,17,0.99062864004082,0.589812891452056,2.98571428571429,0.192649142857143,15.4639667719667
"528",1072288800,18,0.956043648488322,0.532295046111575,2.91428571428571,0.135723428571429,15.2352621532238
"529",1072292400,19,0.962201160954043,-0.0531870367211329,2.84285714285714,0.134841714285714,14.2747293925379
"530",1072296000,20,0.975718177842454,-0.569449391625289,2.81428571428571,0.251764,13.9359581787092
"531",1072299600,21,0.991007388215391,-0.816320482875829,2.9,0.363229142857143,14.2747293925379
"532",1072303200,22,0.990917950671245,-0.664690475770979,2.88571428571429,0.184655428571428,14.697852915738
"533",1072306800,23,0.987415760243826,-0.656343366390152,2.88571428571429,0.274617142857143,15.0280527009952
"534",1072310400,24,0.990170965017467,-0.289522701330193,2.91428571428571,0.261636571428571,15.349681057681
"535",1072314000,1,0.97734058167649,-0.650383506944708,3.02857142857143,0.275542285714285,15.5783856764239
"536",1072317600,2,0.941226374575557,-0.138786089082677,3.07142857142857,0.269656,15.6884522715097
"537",1072321200,3,0.96719473506825,0.333297046238362,3.02857142857143,0.0213034285714285,15.6884522715097
"538",1072324800,4,0.946608138603024,0.580482952234354,2.97142857142857,0.0639251428571427,14.7492814871666
"539",1072328400,5,0.960442771691519,0.614514943051178,2.92857142857143,0.0681994285714285,14.4276531304808
"540",1072332000,6,0.980210842977925,0.258528835514145,2.88571428571429,0.0716657142857142,14.0974533452236
"541",1072335600,7,0.95353994633484,0.757801515250476,2.85714285714286,0.194133142857143,13.2969205845376
"542",1072339200,8,0.940029963254385,0.576644064527255,2.84285714285714,0.117797142857143,12.5464544189374
"543",1072342800,9,0.943980605972696,0.057499156922513,2.84285714285714,0.0986954285714283,12.2248260622516
"544",1072346400,10,0.979497647593893,0.466362587196191,2.97142857142857,0.127732571428572,11.2813029685371
"545",1072350000,11,0.972937048817454,0.48676706719417,3.01428571428571,0.0670262857142856,11.47000758728
"546",1072353600,12,0.983415996879701,0.367343921757289,3.05714285714286,0.0836914285714286,10.9911031832798
"547",1072357200,13,0.974674531765229,-0.0701881248023651,3.17142857142857,0.292598285714286,10.6866176837369
"548",1072360800,14,0.971492787443989,0.216368414958258,3.27142857142857,0.263993714285715,10.7766842788226
"549",1072364400,15,0.983296034688066,0.00485898056762853,3.31428571428571,0.131332,10.6809033980226
"550",1072368000,16,0.957513482801701,0.0363860007040051,3.45714285714286,0.342676,9.65153282842228
"551",1072371600,17,0.966307873404342,0.40257545445599,3.42857142857143,0.282312,9.04664775836489
"552",1072375200,18,0.968692151356797,0.879575681108872,3.5,0.104678857142857,8.21741037893604
"553",1072378800,19,0.98981389229955,0.927553192197586,3.54285714285714,0.319040571428572,7.20926859550706
"554",1072382400,20,0.982892530618858,0.831228642595914,3.52857142857143,0.348750285714286,5.87800328887796
"555",1072386000,21,0.994553448361629,0.893780200956754,3.54285714285714,1.39927828571429,4.58660479207738
"556",1072389600,22,0.97494691036548,0.493532934362418,3.71428571428571,0.359852571428572,3.9232148885343
"557",1072393200,23,0.985922225602967,-0.273446053120878,3.84285714285714,0.537675428571429,4.14198610236296
"558",1072396800,24,0.988178624822638,-0.129245384009287,3.98571428571429,0.375873714285714,4.25640500682016
"559",1072400400,1,0.984904783983281,-0.439907466295697,4.2,0.514452571428571,3.79872938899136
"560",1072404000,2,0.988574721912281,-0.464576397658773,4.47142857142857,1.46526571428571,4.18919555459156
"561",1072407600,3,0.976370419278545,-0.402299729775043,4.77142857142857,3.04303485714286,5.42467998042063
"562",1072411200,4,0.962314175986067,-0.511693750360267,4.88571428571429,0.733194285714286,6.53880242990687
"563",1072414800,5,0.981899920578156,-0.424235490175995,4.84285714285714,0.716607428571428,6.93199254819272
"564",1072418400,6,0.976742253484514,-0.840713184219915,4.81428571428571,2.37816171428571,7.35375409505
"565",1072422000,7,0.98361363627208,-0.499755006913125,4.92857142857143,2.59455485714286,8.1873437838503
"566",1072425600,8,0.959150679186969,-0.377666122288353,4.82857142857143,0.951799428571431,9.37847590030792
"567",1072429200,9,0.986769661334911,-0.295173383940982,4.57142857142857,0.968853142857144,10.0862181132225
"568",1072432800,10,0.984843193206459,-0.287171981369792,4.3,0.367532571428572,9.90322778019383
"569",1072436400,11,0.987521195635432,-0.435541334579671,4.22857142857143,0.310581714285714,10.3678464699082
"570",1072440000,12,0.988812839399406,0.0496011332300695,4.15714285714286,0.213702857142857,10.4550559221368
"571",1072443600,13,0.994188748922353,0.31974839139218,4,0.0934262857142857,10.2777798748225
"572",1072447200,14,0.993107523786538,-0.239139978377186,3.75714285714286,0.171178857142857,10.6666176837369
"573",1072450800,15,0.986136309440137,0.0583112262979368,3.62857142857143,0.138973142857142,10.2305704225939
"574",1072454400,16,0.981159719547471,0.224490817718482,3.65714285714286,0.386189714285714,9.8874468993938
"575",1072458000,17,0.965292214094481,0.217407877464755,3.58571428571429,0.091948,10.0704372324224
"576",1072461600,18,0.988419157698281,-0.363997502944868,3.57142857142857,0.116448,9.97179920876525
"577",1072465200,19,0.976387721867605,-0.612799024144634,3.6,1.409996,10.8852557073941
"578",1072468800,20,0.984284621276743,-0.616153301766356,3.54285714285714,0.506729142857144,11.6629313252229
"579",1072472400,21,0.990840474081388,-0.33472046165971,3.61428571428571,0.425797714285714,11.1840269212227
"580",1072476000,22,0.975237630227498,0.52574708252894,3.67142857142857,0.690801714285715,10.5262181132225
"581",1072479600,23,0.978643127706938,0.648762610814454,3.64285714285714,0.609391428571428,9.72678094853638
"582",1072483200,24,0.97589809596495,0.509554862490457,3.65714285714286,0.741929714285714,9.0633910449933
"583",1072486800,1,0.971166691625141,0.289069521905728,3.52857142857143,1.123644,8.87468642625039
"584",1072490400,2,0.978968475599821,0.285875765279333,3.41428571428571,1.05021485714286,7.217706833907
"585",1072494000,3,0.984611482825084,0.309960161540698,3.48571428571429,0.576383428571429,5.56630833710642
"586",1072497600,4,0.99041227213563,0.399170492212837,3.62857142857143,2.91078514285714,5.30952208419051
"587",1072501200,5,0.995000006801975,0.508397116236078,3.81428571428571,5.89009142857142,7.36266923618885
"588",1072504800,6,0.993065744334632,0.770646229939002,3.92857142857143,9.59042971428572,8.32395817161617
"589",1072508400,7,0.992273909876592,0.64239409833159,3.95714285714286,19.1815251428571,9.38268641915732
"590",1072512000,8,0.981953340867962,0.48731977452768,4.22857142857143,14.8123445714286,7.95307954384201
"591",1072515600,9,0.991606660982845,0.0767164495364212,4.52857142857143,13.5342805714286,7.52659619172681
"592",1072519200,10,0.980767187048,0.568350511021229,5.37142857142857,1.86097142857143,7.16363593332618
"593",1072522800,11,0.989038431735684,0.538573356904831,6.22857142857143,3.06595085714286,6.7354640752692
"594",1072526400,12,0.993838768842057,0.508856943110006,6.87142857142857,1.71908285714286,4.21975623538467
"595",1072530000,13,0.993751062639269,0.172901301836206,7.75714285714286,10.8284611428571,4.78986579675793
"596",1072533600,14,0.985518697850167,0.479481584119907,8.28571428571429,5.61901028571428,5.12499361836005
"597",1072537200,15,0.978951296671281,0.783950827626245,8.75714285714286,8.59969657142857,7.26506665927556
"598",1072540800,16,0.974535074758177,0.0427630215806739,9.08571428571429,12.3603262857143,9.23560586579125
"599",1072544400,17,0.969276960224096,0.132257651787638,9,21.8242194285714,11.1427551687639
"600",1072548000,18,0.935064732195358,0.443543536819722,8.38571428571429,13.611476,12.2051225172226
"601",1072551600,19,0.975941308421578,0.443784202896497,7.44285714285714,1.75572057142857,13.4069871796234
"602",1072555200,20,0.985483010456205,0.329065163135679,6.34285714285714,0.946740000000001,12.5963878238517
"603",1072558800,21,0.993021635022877,0.876239517160819,5.71428571428571,0.298677142857143,11.6829313252229
"604",1072562400,22,0.995697932137835,0.795096933436626,4.98571428571429,0.0968405714285715,10.8823985645369
"605",1072566000,23,0.998212212579166,0.524836841439175,4.37142857142857,0.202946285714286,9.9946563516224
"606",1072569600,24,0.995782242903655,-0.153801744922679,3.55714285714286,0.211857714285714,9.59438997127943
"607",1072573200,1,0.988308960151035,-0.745656624168922,3.15714285714286,0.475347428571428,9.69588513779374
"608",1072576800,2,0.998915005072338,-0.773003639597833,3.28571428571429,0.580982285714286,10.7809033980226
"609",1072580400,3,0.993273063346863,-0.439226780082281,3.41428571428571,0.398381714285714,11.6958550631657
"610",1072584000,4,0.994742781719403,-0.820615071499373,3.52857142857143,1.07094914285714,12.3863212287659
"611",1072587600,5,0.989512657458137,-0.956541342413101,3.65714285714286,0.877002285714286,13.0767873943661
"612",1072591200,6,0.978445744470303,-0.559824096568816,3.71428571428571,0.463354285714286,14.1932342260236
"613",1072594800,7,0.97232381624812,-0.720515284533687,3.7,0.687158285714286,15.0394812724238
"614",1072598400,8,0.992153968105556,-0.625914172249581,3.54285714285714,0.781496,15.5898142478525
"615",1072602000,9,0.990574874475822,-0.933509757281214,3.4,0.853534857142856,15.8242331523097
"616",1072605600,10,0.985232572203749,-0.857639179371705,3.3,0.419901714285714,16.3888518420241
"617",1072609200,11,0.987693838564153,-0.801085251122685,3.2,0.445610857142857,16.9677562460243
"618",1072612800,12,0.970079650944452,-0.939821085550412,3.04285714285714,0.138098285714286,17.6710129593959
"619",1072616400,13,0.970277791081996,-0.894208545749984,2.92857142857143,0.199125142857143,17.9111461495674
"620",1072620000,14,0.980605390390189,-0.909202103035307,2.85714285714286,0.0856725714285715,18.1512793397388
"621",1072623600,15,0.991813966845411,-0.720061911856832,2.82857142857143,0.120945142857143,18.5157648392818
"622",1072627200,16,0.987001221147299,-0.336470508920405,2.75714285714286,0.043001142857143,18.8888217673961
"623",1072630800,17,0.982989046299425,0.546232594942948,2.68571428571429,0.123076,17.9239366973388
"624",1072634400,18,0.993827312874663,0.308654497737738,2.6,0.188724,17.0319753652243
"625",1072638000,19,0.994084695419874,0.490686565476963,2.57142857142857,0.160644,16.2215091996241
"626",1072641600,20,0.988610788225786,0.623464125308174,2.54285714285714,0.262644,15.4310430340239
"627",1072645200,21,0.988610770570765,0.586545837482335,2.5,0.158341714285714,14.5390817019094
"628",1072648800,22,0.970916256873568,0.391777656952756,2.45714285714286,0.278043428571429,13.5227680604234
"629",1072652400,23,0.98860160146955,-0.605643755096098,2.58571428571429,1.479344,12.5850924425946
"630",1072656000,24,0.979223527200286,-0.308263782162718,2.7,0.234060571428572,13.0925682751662
"631",1072659600,1,0.991080578518779,0.208406464315242,2.8,0.0224588571428572,13.2984157510519
"632",1072663200,2,0.980347081153321,-0.881906543268836,2.9,0.265577142857143,13.6286155363092
"633",1072666800,3,0.976428944741286,-0.511768335840577,3.01428571428571,0.273382857142857,13.6286155363092
"634",1072670400,4,0.976113439612567,-0.255028476877469,3.14285714285714,0.216497714285714,13.9416724644235
"635",1072674000,5,0.986023076116581,-0.148207739799346,3.25714285714286,0.248827428571428,14.1475199403093
"636",1072677600,6,0.985201274674319,-0.35459242541636,3.18571428571429,0.0352222857142856,14.3647959876236
"637",1072681200,7,0.977943528638914,0.135701707382853,3.15714285714286,0.0686537142857142,14.1532342260236
"638",1072684800,8,0.980950579202591,-0.0205798951580514,3.11428571428571,0.0424634285714285,14.1532342260236
"639",1072688400,9,0.9493121617677,-0.434622598395223,3.11428571428571,0.247174857142858,14.1532342260236
"640",1072692000,10,0.947911691077674,-0.321758395387497,3.07142857142857,0.237083428571429,14.7035672014523
"641",1072695600,11,0.947165198664445,-0.504168141391654,3.04285714285714,0.311218285714286,15.0423384152809
"642",1072699200,12,0.973829170393262,-0.868036514169151,3.01428571428571,0.222753142857143,15.8528045808811
"643",1072702800,13,0.973381681435406,-0.857259980865486,3.04285714285714,0.633745714285714,16.2001472232812
"644",1072706400,14,0.9559696879327,-0.947222271428594,3.04285714285714,0.367601714285714,16.9906133888814
"645",1072710000,15,0.978033028092291,-0.711563208783195,3.04285714285714,0.687125714285713,17.9282890067102
"646",1072713600,16,0.987726610221174,-0.910627360982773,2.97142857142857,0.269712571428571,19.0731740767676
"647",1072717200,17,0.994068612662634,-0.990044378646025,2.92857142857143,0.367928571428571,20.2437734325393
"648",1072720800,18,0.992347217636718,-0.847691914090505,2.82857142857143,0.344518857142857,21.2728776217966
"649",1072724400,19,0.989144674379802,-0.81322425633734,2.78571428571429,0.553760571428571,21.7988582878539
"650",1072728000,20,0.981462766498724,-0.384455239417071,2.68571428571429,0.411386857142857,22.4349055489969
"651",1072731600,21,0.96758022472404,-0.293273791683121,2.57142857142857,0.353688,23.3653717145971
"652",1072735200,22,0.977346062416365,0.224795205468222,2.44285714285714,0.0770182857142857,23.7641429284257
"653",1072738800,23,0.989708451787397,0.604738766765495,2.31428571428571,0.0921440000000002,23.6255049047686
"654",1072742400,24,0.988539607150665,0.561156327383246,2.2,0.0218971428571428,23.0766670958542
"655",1072746000,1,0.991136563120148,0.651743986671928,2.14285714285714,0.0100125714285714,22.6693244534541
"656",1072749600,2,0.993978496891359,0.790950588655636,2.07142857142857,0.0373902857142858,22.0189914780254
"657",1072753200,3,0.929980991845989,0.949568559056849,1.97142857142857,0.0285742857142857,21.1485253124252
"658",1072756800,4,0.952048517084183,0.885036777412638,1.92857142857143,0.03684,20.0965639803107
"659",1072760400,5,0.938062143036286,0.75547914435069,1.94285714285714,0.0746251428571428,19.446231004882
"660",1072764000,6,0.913125850721149,0.602390719150923,2,0.0813560000000001,18.6744028629389
"661",1072767600,7,0.935095311207937,0.655912197555446,2.04285714285714,0.134488,17.3021751504815
"662",1072771200,8,0.969779370201817,0.798151658291665,2.11428571428571,0.113729142857143,15.7412428192811
"663",1072774800,9,0.990464233502516,0.86551224855755,2.21428571428571,0.164062857142857,14.3846627974522
"664",1072778400,10,0.990078127379015,0.845108382088242,2.32857142857143,0.272863428571429,13.5612728939091
"665",1072782000,11,0.981344803984569,0.652783265177433,2.4,0.526232,12.3261880385945
"666",1072785600,12,0.974195535716651,0.758080848970674,2.48571428571429,0.970930285714286,10.3132943752796
"667",1072789200,13,0.983888493179491,0.794546395345873,2.65714285714286,0.431551428571429,8.11292487939311
"668",1072792800,14,0.991703648469968,0.874572661558774,2.85714285714286,0.375472571428571,6.82601188213547
"669",1072796400,15,0.996318208350817,0.759169134395265,3.04285714285714,0.22914,5.82507955093508
"670",1072800000,16,0.998159202463252,0.739777192008196,3.15714285714286,2.64774342857143,4.67955860464826
"671",1072803600,17,0.99627078601102,0.842808288956335,3.32857142857143,7.88090685714285,5.61326859196053
"672",1072807200,18,0.987803474116381,0.86657718813121,3.64285714285714,9.77826857142857,6.38588298327293
"673",1072810800,19,0.997371318526475,0.921183662803409,4.02857142857143,7.19038114285715,7.50215365847138
"674",1072814400,20,0.996583239576919,0.751283801354239,4.28571428571429,12.5941074285714,8.14370897424168
"675",1072818000,21,0.994967974004803,0.606543162151967,4.48571428571429,17.911292,8.97642648109758
"676",1072821600,22,0.991337273071866,0.708151513944808,5.05714285714286,2.58028971428572,9.79608705983911
"677",1072825200,23,0.994144376175721,-0.243449895424189,6.1,0.954810285714285,12.6736896367524
"678",1072828800,24,0.995122063570611,-0.489521278578506,7.07142857142857,5.63915771428572,20.8349785721797
"679",1072832400,1,0.994865058740623,-0.819803365860556,7.87142857142857,7.85985028571429,22.936770193665
"680",1072836000,2,0.994046375925951,0.0194775153526676,8.45714285714286,7.58438857142857,24.3416853383504
"681",1072839600,3,0.993010758586306,0.320218596117995,9.1,11.2541634285714,35.7272234676057
"682",1072843200,4,0.994482756152634,-0.631262690300452,9.78571428571429,27.2067617142857,55.7824586960602
"683",1072846800,5,0.992147717022909,-0.34579955707867,10.3,25.9759405714286,74.7208174477149
"684",1072850400,6,0.989925891512577,0.0893536986320438,10.9428571428571,11.5007337142857,72.8191590164011
"685",1072854000,7,0.980290222826487,0.195950342978309,11.1714285714286,19.4904422857143,62.2952191692036
"686",1072857600,8,0.977324043162592,0.889405940789112,11.3428571428571,25.7615062857143,58.5470902774342
"687",1072861200,9,0.971321970684273,0.618998691147758,12.3,38.4349588571429,55.9646026304635
"688",1072864800,10,0.975378484260655,0.853784811263581,13.6285714285714,65.4010497142857,43.7313953292092
"689",1072868400,11,0.974337747382319,0.862655981873614,14.9,76.6937302857143,22.4825102626983
"690",1072872000,12,0.968598753329278,0.339219079907706,14.6428571428571,18.3282234285714,2.43402476670192
"691",1072875600,13,0.993110928552025,0.632189593087958,13.3428571428571,4.35236971428571,1.317384595617
"692",1072879200,14,0.997268606818026,-0.111959687177791,12.3285714285714,1.64451314285714,1.317384595617
"693",1072882800,15,0.985693229792081,-0.359955735636658,11.9428571428571,2.355436,0.954424337216369
"694",1072886400,16,0.983241045162535,0.0208996361060422,10.4857142857143,0.656054857142857,0.526518859502359
"695",1072890000,17,0.978325455864223,0.812586777306047,8.71428571428571,0.276994857142857,0.525320147959004
"696",1072893600,18,0.941680325794183,0.866966345565099,6.85714285714286,0.194692000000001,0.519472672073235
"697",1072897200,19,0.966574147374215,0.347597259681743,6.44285714285714,1.76155028571429,0.462196624758894
"698",1072900800,20,0.973257897675025,-0.702526843260508,6.44285714285714,1.19923314285714,0.783128955959281
"699",1072904400,21,0.95661816631025,-0.800369540168226,6.77142857142857,2.38236971428571,1.06950919253099
"700",1072908000,22,0.961935684661606,-0.00858407087980247,6.62857142857143,3.43316514285714,1.38525999870302
"701",1072911600,23,0.970096387523321,0.150156690997626,6.88571428571429,3.67339485714286,1.4166584955036
"702",1072915200,24,0.980832284404607,-0.636873340876048,6.91428571428571,2.45588742857143,1.32466708876111
"703",-999,-999,-999,-999,-999,-999,-999
"704",-999,-999,-999,-999,-999,-999,-999
"705",-999,-999,-999,-999,-999,-999,-999
"706",-999,-999,-999,-999,-999,-999,-999
"707",-999,-999,-999,-999,-999,-999,-999
"708",-999,-999,-999,-999,-999,-999,-999
"709",-999,-999,-999,-999,-999,-999,-999
"710",-999,-999,-999,-999,-999,-999,-999
"711",-999,-999,-999,-999,-999,-999,-999
"712",-999,-999,-999,-999,-999,-999,-999
"713",-999,-999,-999,-999,-999,-999,-999
"714",-999,-999,-999,-999,-999,-999,-999
"715",-999,-999,-999,-999,-999,-999,-999
"716",-999,-999,-999,-999,-999,-999,-999
"717",-999,-999,-999,-999,-999,-999,-999
"718",-999,-999,-999,-999,-999,-999,-999
"719",-999,-999,-999,-999,-999,-999,-999
"720",-999,-999,-999,-999,-999,-999,-999
"721",-999,-999,-999,-999,-999,-999,-999
"722",-999,-999,-999,-999,-999,-999,-999
"723",-999,-999,-999,-999,-999,-999,-999
"724",-999,-999,-999,-999,-999,-999,-999
"725",-999,-999,-999,-999,-999,-999,-999
"726",-999,-999,-999,-999,-999,-999,-999
"727",-999,-999,-999,-999,-999,-999,-999
"728",-999,-999,-999,-999,-999,-999,-999
"729",-999,-999,-999,-999,-999,-999,-999
"730",-999,-999,-999,-999,-999,-999,-999
"731",-999,-999,-999,-999,-999,-999,-999
"732",-999,-999,-999,-999,-999,-999,-999
"733",-999,-999,-999,-999,-999,-999,-999
"734",-999,-999,-999,-999,-999,-999,-999
"735",-999,-999,-999,-999,-999,-999,-999
"736",-999,-999,-999,-999,-999,-999,-999
"737",-999,-999,-999,-999,-999,-999,-999
"738",-999,-999,-999,-999,-999,-999,-999
"739",-999,-999,-999,-999,-999,-999,-999
"740",-999,-999,-999,-999,-999,-999,-999
"741",-999,-999,-999,-999,-999,-999,-999
"742",-999,-999,-999,-999,-999,-999,-999
"743",-999,-999,-999,-999,-999,-999,-999
"744",-999,-999,-999,-999,-999,-999,-999
